domain	taxonomy_group	checku_bin	n_samples	median_residual_pct	mean_residual_pct
Archaea	Halobacteriota	[15,20)	41	27.01	26.35
Archaea	Halobacteriota	[20,25)	48	25.80	25.74
Archaea	Halobacteriota	[25,30)	68	23.17	25.15
Archaea	Halobacteriota	[30,35)	102	19.09	21.20
Archaea	Halobacteriota	[35,40)	102	22.09	21.99
Archaea	Halobacteriota	[40,45)	103	18.19	19.41
Archaea	Halobacteriota	[45,50)	53	11.65	13.74
Archaea	Halobacteriota	[50,55)	107	8.23	8.74
Archaea	Halobacteriota	[55,60)	128	2.61	3.73
Archaea	Halobacteriota	[60,65)	123	-2.52	-0.70
Archaea	Halobacteriota	[65,70)	157	0.22	-0.16
Archaea	Halobacteriota	[70,75)	119	-1.86	-1.52
Archaea	Halobacteriota	[75,80)	161	1.43	0.34
Archaea	Halobacteriota	[80,85)	125	4.03	1.01
Archaea	Halobacteriota	[85,90)	45	1.15	-0.16
Archaea	Methanobacteriota	[30,35)	20	23.68	26.34
Archaea	Methanobacteriota	[35,40)	23	13.83	16.39
Archaea	Methanobacteriota	[40,45)	20	15.47	16.54
Archaea	Methanobacteriota	[50,55)	24	5.91	7.61
Archaea	Methanobacteriota	[55,60)	28	-0.03	1.77
Archaea	Methanobacteriota	[60,65)	36	-1.38	-0.78
Archaea	Methanobacteriota	[65,70)	36	-0.92	-2.71
Archaea	Methanobacteriota	[70,75)	23	-5.48	-5.04
Archaea	Methanobacteriota	[75,80)	39	-4.84	-4.13
Archaea	Methanobacteriota	[80,85)	39	-0.46	-0.26
Archaea	Methanobacteriota	[85,90)	21	2.29	0.08
Archaea	Methanobacteriota_A	[50,55)	22	7.96	8.55
Archaea	Methanobacteriota_A	[80,85)	25	4.59	1.20
Archaea	Methanobacteriota_B	[75,80)	23	-4.17	-2.00
Archaea	Other	[15,20)	31	24.68	22.36
Archaea	Other	[20,25)	36	26.22	22.62
Archaea	Other	[25,30)	61	23.19	25.06
Archaea	Other	[30,35)	47	19.54	23.95
Archaea	Other	[35,40)	64	20.39	19.12
Archaea	Other	[40,45)	63	12.87	14.25
Archaea	Other	[45,50)	49	15.41	14.55
Archaea	Other	[50,55)	79	8.98	10.98
Archaea	Other	[55,60)	89	2.91	3.87
Archaea	Other	[60,65)	101	4.21	3.98
Archaea	Other	[65,70)	88	0.91	0.92
Archaea	Other	[70,75)	63	-1.70	-1.41
Archaea	Other	[75,80)	119	1.36	-0.31
Archaea	Other	[80,85)	102	2.29	1.16
Archaea	Other	[85,90)	29	2.84	0.66
Archaea	Thermoplasmatota	[55,60)	27	0.84	0.51
Archaea	Thermoplasmatota	[60,65)	22	6.74	5.93
Archaea	Thermoplasmatota	[65,70)	20	0.52	0.58
Archaea	Thermoplasmatota	[70,75)	20	2.62	0.94
Archaea	Thermoplasmatota	[75,80)	37	3.50	3.21
Archaea	Thermoproteota	[20,25)	24	26.94	29.28
Archaea	Thermoproteota	[25,30)	35	24.83	27.78
Archaea	Thermoproteota	[30,35)	42	19.51	21.90
Archaea	Thermoproteota	[35,40)	46	14.40	16.54
Archaea	Thermoproteota	[40,45)	61	8.17	12.94
Archaea	Thermoproteota	[45,50)	73	11.67	12.09
Archaea	Thermoproteota	[50,55)	63	9.92	12.40
Archaea	Thermoproteota	[55,60)	80	4.09	6.12
Archaea	Thermoproteota	[60,65)	86	6.83	7.50
Archaea	Thermoproteota	[65,70)	93	3.51	3.59
Archaea	Thermoproteota	[70,75)	59	6.56	4.71
Archaea	Thermoproteota	[75,80)	104	3.98	4.41
Archaea	Thermoproteota	[80,85)	83	6.18	3.81
Archaea	all_taxa	[0,5)	22	8.65	12.50
Archaea	all_taxa	[10,15)	41	22.16	23.46
Archaea	all_taxa	[15,20)	88	26.91	25.63
Archaea	all_taxa	[20,25)	108	26.31	25.49
Archaea	all_taxa	[25,30)	164	23.67	25.68
Archaea	all_taxa	[30,35)	191	19.46	22.03
Archaea	all_taxa	[35,40)	212	20.60	19.94
Archaea	all_taxa	[40,45)	227	14.83	16.24
Archaea	all_taxa	[45,50)	175	12.31	13.28
Archaea	all_taxa	[5,10)	31	12.65	15.20
Archaea	all_taxa	[50,55)	249	8.43	10.38
Archaea	all_taxa	[55,60)	297	2.88	4.42
Archaea	all_taxa	[60,65)	310	3.13	3.10
Archaea	all_taxa	[65,70)	338	1.62	1.15
Archaea	all_taxa	[70,75)	241	-0.88	0.03
Archaea	all_taxa	[75,80)	384	2.51	1.24
Archaea	all_taxa	[80,85)	310	4.99	1.81
Archaea	all_taxa	[85,90)	77	2.23	0.29
Bacteria	Acidobacteriota	[25,30)	25	22.52	24.76
Bacteria	Acidobacteriota	[30,35)	34	19.40	22.20
Bacteria	Acidobacteriota	[35,40)	24	14.16	17.90
Bacteria	Acidobacteriota	[40,45)	28	26.39	26.03
Bacteria	Acidobacteriota	[45,50)	21	19.19	18.84
Bacteria	Acidobacteriota	[55,60)	20	10.04	8.85
Bacteria	Acidobacteriota	[60,65)	27	-11.07	-5.28
Bacteria	Acidobacteriota	[65,70)	35	-12.70	-9.46
Bacteria	Acidobacteriota	[70,75)	24	-11.52	-9.34
Bacteria	Acidobacteriota	[75,80)	53	-15.05	-13.76
Bacteria	Acidobacteriota	[80,85)	66	-14.15	-14.97
Bacteria	Acidobacteriota	[85,90)	69	-11.50	-12.24
Bacteria	Acidobacteriota	[90,95)	70	-10.20	-9.26
Bacteria	Acidobacteriota	[95,100)	27	-8.63	-9.71
Bacteria	Actinomycetota	[0,5)	79	7.79	9.86
Bacteria	Actinomycetota	[10,15)	213	22.77	21.60
Bacteria	Actinomycetota	[15,20)	346	24.91	23.87
Bacteria	Actinomycetota	[20,25)	284	25.72	24.99
Bacteria	Actinomycetota	[25,30)	530	22.43	22.86
Bacteria	Actinomycetota	[30,35)	576	20.83	21.67
Bacteria	Actinomycetota	[35,40)	622	19.97	20.08
Bacteria	Actinomycetota	[40,45)	549	16.77	17.09
Bacteria	Actinomycetota	[45,50)	330	12.09	12.53
Bacteria	Actinomycetota	[5,10)	126	18.11	19.25
Bacteria	Actinomycetota	[50,55)	498	7.98	7.89
Bacteria	Actinomycetota	[55,60)	521	1.16	1.91
Bacteria	Actinomycetota	[60,65)	658	-5.88	-5.11
Bacteria	Actinomycetota	[65,70)	773	-10.11	-9.35
Bacteria	Actinomycetota	[70,75)	614	-12.96	-11.42
Bacteria	Actinomycetota	[75,80)	960	-11.94	-12.97
Bacteria	Actinomycetota	[80,85)	1039	-12.79	-12.97
Bacteria	Actinomycetota	[85,90)	1130	-9.65	-11.37
Bacteria	Actinomycetota	[90,95)	993	-10.26	-11.15
Bacteria	Actinomycetota	[95,100)	388	-8.51	-10.33
Bacteria	Actinomycetota	[95,100]	35	-11.13	-12.50
Bacteria	Aquificota	[35,40)	27	13.71	16.42
Bacteria	Aquificota	[40,45)	21	9.48	12.93
Bacteria	Aquificota	[60,65)	34	-1.32	-0.72
Bacteria	Aquificota	[65,70)	27	-7.88	-10.16
Bacteria	Aquificota	[70,75)	21	-15.17	-14.08
Bacteria	Aquificota	[75,80)	37	-10.03	-9.72
Bacteria	Aquificota	[80,85)	34	-12.09	-12.47
Bacteria	Aquificota	[85,90)	28	-9.38	-9.38
Bacteria	Aquificota	[90,95)	29	-11.60	-11.85
Bacteria	Bacillota	[0,5)	108	15.03	16.54
Bacteria	Bacillota	[10,15)	712	22.09	22.18
Bacteria	Bacillota	[15,20)	1101	21.50	21.83
Bacteria	Bacillota	[20,25)	787	22.44	22.19
Bacteria	Bacillota	[25,30)	1360	20.71	20.84
Bacteria	Bacillota	[30,35)	1311	19.28	19.81
Bacteria	Bacillota	[35,40)	1146	17.17	17.96
Bacteria	Bacillota	[40,45)	979	15.84	16.00
Bacteria	Bacillota	[45,50)	580	11.79	11.11
Bacteria	Bacillota	[5,10)	420	19.22	19.62
Bacteria	Bacillota	[50,55)	943	4.40	4.21
Bacteria	Bacillota	[55,60)	1029	-6.69	-4.34
Bacteria	Bacillota	[60,65)	1277	-10.72	-8.45
Bacteria	Bacillota	[65,70)	1595	-15.03	-13.56
Bacteria	Bacillota	[70,75)	1218	-16.15	-15.31
Bacteria	Bacillota	[75,80)	1932	-16.31	-15.63
Bacteria	Bacillota	[80,85)	2000	-15.28	-15.87
Bacteria	Bacillota	[85,90)	1766	-14.81	-15.32
Bacteria	Bacillota	[90,95)	1466	-12.63	-13.42
Bacteria	Bacillota	[95,100)	574	-9.93	-12.37
Bacteria	Bacillota	[95,100]	106	-11.08	-13.45
Bacteria	Bacillota_A	[0,5)	46	14.47	15.73
Bacteria	Bacillota_A	[10,15)	255	21.23	21.86
Bacteria	Bacillota_A	[15,20)	412	19.91	20.41
Bacteria	Bacillota_A	[20,25)	313	21.24	20.82
Bacteria	Bacillota_A	[25,30)	556	19.61	19.24
Bacteria	Bacillota_A	[30,35)	576	18.95	19.13
Bacteria	Bacillota_A	[35,40)	497	16.45	17.15
Bacteria	Bacillota_A	[40,45)	425	14.86	14.55
Bacteria	Bacillota_A	[45,50)	284	12.52	10.83
Bacteria	Bacillota_A	[5,10)	152	21.12	20.51
Bacteria	Bacillota_A	[50,55)	414	5.47	4.06
Bacteria	Bacillota_A	[55,60)	467	-7.51	-4.32
Bacteria	Bacillota_A	[60,65)	572	-10.85	-8.71
Bacteria	Bacillota_A	[65,70)	654	-14.57	-13.55
Bacteria	Bacillota_A	[70,75)	504	-15.93	-15.38
Bacteria	Bacillota_A	[75,80)	812	-15.84	-15.47
Bacteria	Bacillota_A	[80,85)	816	-14.18	-14.94
Bacteria	Bacillota_A	[85,90)	739	-13.82	-14.28
Bacteria	Bacillota_A	[90,95)	579	-12.00	-12.78
Bacteria	Bacillota_A	[95,100)	222	-9.07	-11.32
Bacteria	Bacillota_A	[95,100]	50	-10.90	-12.36
Bacteria	Bacillota_B	[10,15)	29	24.11	25.54
Bacteria	Bacillota_B	[15,20)	37	21.35	23.06
Bacteria	Bacillota_B	[20,25)	27	25.23	21.20
Bacteria	Bacillota_B	[25,30)	63	21.81	22.36
Bacteria	Bacillota_B	[30,35)	59	19.87	20.09
Bacteria	Bacillota_B	[35,40)	49	19.33	19.17
Bacteria	Bacillota_B	[40,45)	44	15.23	17.63
Bacteria	Bacillota_B	[45,50)	22	11.25	11.26
Bacteria	Bacillota_B	[50,55)	29	6.57	3.95
Bacteria	Bacillota_B	[55,60)	34	-2.24	-1.27
Bacteria	Bacillota_B	[60,65)	55	-14.22	-9.51
Bacteria	Bacillota_B	[65,70)	60	-18.02	-16.11
Bacteria	Bacillota_B	[70,75)	54	-17.83	-17.42
Bacteria	Bacillota_B	[75,80)	77	-15.84	-14.51
Bacteria	Bacillota_B	[80,85)	92	-17.18	-17.39
Bacteria	Bacillota_B	[85,90)	90	-15.99	-16.37
Bacteria	Bacillota_B	[90,95)	79	-12.33	-12.52
Bacteria	Bacillota_B	[95,100)	34	-8.65	-10.91
Bacteria	Bacillota_C	[10,15)	28	16.95	19.39
Bacteria	Bacillota_C	[15,20)	53	21.97	21.39
Bacteria	Bacillota_C	[20,25)	53	19.60	20.25
Bacteria	Bacillota_C	[25,30)	66	16.93	18.24
Bacteria	Bacillota_C	[30,35)	71	19.49	19.97
Bacteria	Bacillota_C	[35,40)	59	17.03	17.34
Bacteria	Bacillota_C	[40,45)	53	17.05	15.08
Bacteria	Bacillota_C	[45,50)	23	15.49	12.13
Bacteria	Bacillota_C	[50,55)	46	7.54	5.87
Bacteria	Bacillota_C	[55,60)	48	-5.68	-6.03
Bacteria	Bacillota_C	[60,65)	43	-14.17	-8.23
Bacteria	Bacillota_C	[65,70)	95	-15.55	-14.39
Bacteria	Bacillota_C	[70,75)	64	-17.43	-16.21
Bacteria	Bacillota_C	[75,80)	92	-15.72	-15.92
Bacteria	Bacillota_C	[80,85)	87	-17.25	-15.91
Bacteria	Bacillota_C	[85,90)	73	-14.52	-14.99
Bacteria	Bacillota_C	[90,95)	55	-11.32	-12.85
Bacteria	Bacillota_C	[95,100)	32	-10.81	-13.67
Bacteria	Bacillota_F	[75,80)	24	-19.09	-17.16
Bacteria	Bacillota_F	[80,85)	24	-20.20	-19.63
Bacteria	Bacillota_F	[85,90)	26	-14.64	-14.65
Bacteria	Bacillota_F	[90,95)	20	-12.11	-13.19
Bacteria	Bacillota_I	[10,15)	58	21.75	24.02
Bacteria	Bacillota_I	[15,20)	98	22.78	21.83
Bacteria	Bacillota_I	[20,25)	59	21.85	21.93
Bacteria	Bacillota_I	[25,30)	106	22.03	21.40
Bacteria	Bacillota_I	[30,35)	79	19.48	20.15
Bacteria	Bacillota_I	[35,40)	92	18.74	18.82
Bacteria	Bacillota_I	[40,45)	81	18.06	16.68
Bacteria	Bacillota_I	[45,50)	58	7.21	8.05
Bacteria	Bacillota_I	[5,10)	48	15.25	17.18
Bacteria	Bacillota_I	[50,55)	92	-0.58	0.53
Bacteria	Bacillota_I	[55,60)	118	-6.02	-6.09
Bacteria	Bacillota_I	[60,65)	127	-3.18	-2.71
Bacteria	Bacillota_I	[65,70)	153	-6.50	-5.57
Bacteria	Bacillota_I	[70,75)	85	-7.14	-8.00
Bacteria	Bacillota_I	[75,80)	153	-7.84	-7.30
Bacteria	Bacillota_I	[80,85)	105	-10.73	-11.44
Bacteria	Bacillota_I	[85,90)	72	-9.33	-11.67
Bacteria	Bacillota_I	[90,95)	67	-9.39	-10.86
Bacteria	Bacteroidota	[10,15)	107	24.72	24.31
Bacteria	Bacteroidota	[15,20)	288	24.77	24.06
Bacteria	Bacteroidota	[20,25)	245	23.93	23.53
Bacteria	Bacteroidota	[25,30)	513	21.79	22.40
Bacteria	Bacteroidota	[30,35)	507	19.63	21.37
Bacteria	Bacteroidota	[35,40)	548	19.18	19.19
Bacteria	Bacteroidota	[40,45)	456	16.77	17.26
Bacteria	Bacteroidota	[45,50)	289	13.40	14.13
Bacteria	Bacteroidota	[5,10)	59	17.99	17.89
Bacteria	Bacteroidota	[50,55)	391	8.46	9.88
Bacteria	Bacteroidota	[55,60)	393	0.80	1.71
Bacteria	Bacteroidota	[60,65)	540	-7.23	-5.68
Bacteria	Bacteroidota	[65,70)	716	-10.72	-9.85
Bacteria	Bacteroidota	[70,75)	565	-14.28	-13.53
Bacteria	Bacteroidota	[75,80)	879	-15.36	-14.25
Bacteria	Bacteroidota	[80,85)	925	-13.94	-14.17
Bacteria	Bacteroidota	[85,90)	941	-11.65	-12.82
Bacteria	Bacteroidota	[90,95)	759	-11.01	-11.21
Bacteria	Bacteroidota	[95,100)	308	-8.99	-10.87
Bacteria	Bacteroidota	[95,100]	35	-10.79	-12.69
Bacteria	Bdellovibrionota	[75,80)	22	-10.61	-11.96
Bacteria	Bdellovibrionota	[80,85)	36	-15.94	-17.32
Bacteria	Bdellovibrionota	[85,90)	28	-9.07	-8.54
Bacteria	Bdellovibrionota	[90,95)	24	-5.59	-9.13
Bacteria	Campylobacterota	[15,20)	28	21.98	20.85
Bacteria	Campylobacterota	[20,25)	24	24.87	24.89
Bacteria	Campylobacterota	[25,30)	41	17.28	18.15
Bacteria	Campylobacterota	[30,35)	49	16.45	16.19
Bacteria	Campylobacterota	[35,40)	60	18.02	18.04
Bacteria	Campylobacterota	[40,45)	47	11.51	11.46
Bacteria	Campylobacterota	[45,50)	36	18.35	15.30
Bacteria	Campylobacterota	[50,55)	37	8.24	8.37
Bacteria	Campylobacterota	[55,60)	49	-0.19	1.41
Bacteria	Campylobacterota	[60,65)	60	-10.83	-8.17
Bacteria	Campylobacterota	[65,70)	49	-11.44	-11.79
Bacteria	Campylobacterota	[70,75)	37	-15.42	-15.70
Bacteria	Campylobacterota	[75,80)	105	-13.92	-12.45
Bacteria	Campylobacterota	[80,85)	90	-12.76	-12.60
Bacteria	Campylobacterota	[85,90)	79	-11.70	-12.07
Bacteria	Campylobacterota	[90,95)	77	-10.02	-10.27
Bacteria	Campylobacterota	[95,100)	38	-8.23	-10.43
Bacteria	Chlamydiota	[10,15)	35	13.68	14.94
Bacteria	Chlamydiota	[15,20)	48	12.20	12.69
Bacteria	Chlamydiota	[20,25)	49	18.42	18.39
Bacteria	Chlamydiota	[25,30)	50	20.83	18.62
Bacteria	Chlamydiota	[30,35)	75	17.75	18.18
Bacteria	Chlamydiota	[35,40)	63	18.43	16.00
Bacteria	Chlamydiota	[40,45)	82	14.99	12.86
Bacteria	Chlamydiota	[45,50)	36	17.84	14.58
Bacteria	Chlamydiota	[5,10)	45	11.66	12.35
Bacteria	Chlamydiota	[50,55)	57	9.85	10.67
Bacteria	Chlamydiota	[55,60)	67	-6.84	-1.66
Bacteria	Chlamydiota	[60,65)	53	-7.48	-6.06
Bacteria	Chlamydiota	[65,70)	107	-16.40	-14.10
Bacteria	Chlamydiota	[70,75)	62	-12.00	-13.21
Bacteria	Chlamydiota	[75,80)	100	-9.59	-10.74
Bacteria	Chlamydiota	[80,85)	95	-10.62	-10.57
Bacteria	Chlamydiota	[85,90)	109	-8.47	-9.26
Bacteria	Chlamydiota	[90,95)	85	-8.62	-9.62
Bacteria	Chlamydiota	[95,100)	22	-7.63	-8.60
Bacteria	Chloroflexota	[10,15)	22	15.91	15.44
Bacteria	Chloroflexota	[15,20)	21	15.32	16.49
Bacteria	Chloroflexota	[20,25)	21	25.32	22.97
Bacteria	Chloroflexota	[25,30)	34	22.32	23.24
Bacteria	Chloroflexota	[30,35)	35	19.61	21.74
Bacteria	Chloroflexota	[35,40)	31	20.68	19.62
Bacteria	Chloroflexota	[40,45)	24	13.34	9.13
Bacteria	Chloroflexota	[50,55)	26	2.93	-0.98
Bacteria	Chloroflexota	[55,60)	24	-2.17	-3.87
Bacteria	Chloroflexota	[60,65)	26	-5.00	-9.05
Bacteria	Chloroflexota	[65,70)	33	-13.53	-11.98
Bacteria	Chloroflexota	[70,75)	26	-16.05	-14.43
Bacteria	Chloroflexota	[75,80)	45	-16.31	-15.69
Bacteria	Chloroflexota	[80,85)	56	-13.90	-13.43
Bacteria	Chloroflexota	[85,90)	50	-13.59	-13.06
Bacteria	Chloroflexota	[90,95)	58	-5.27	-8.30
Bacteria	Chloroflexota	[95,100)	20	-8.53	-12.24
Bacteria	Cyanobacteriota	[0,5)	28	9.23	10.31
Bacteria	Cyanobacteriota	[10,15)	97	13.98	14.78
Bacteria	Cyanobacteriota	[15,20)	135	17.78	17.10
Bacteria	Cyanobacteriota	[20,25)	126	19.83	19.07
Bacteria	Cyanobacteriota	[25,30)	181	20.02	17.85
Bacteria	Cyanobacteriota	[30,35)	186	18.80	18.98
Bacteria	Cyanobacteriota	[35,40)	188	17.72	17.01
Bacteria	Cyanobacteriota	[40,45)	181	15.67	15.08
Bacteria	Cyanobacteriota	[45,50)	82	11.79	11.37
Bacteria	Cyanobacteriota	[5,10)	73	9.64	10.42
Bacteria	Cyanobacteriota	[50,55)	167	7.89	7.10
Bacteria	Cyanobacteriota	[55,60)	160	-4.78	-3.16
Bacteria	Cyanobacteriota	[60,65)	182	-11.78	-8.31
Bacteria	Cyanobacteriota	[65,70)	242	-15.79	-11.55
Bacteria	Cyanobacteriota	[70,75)	155	-13.30	-12.04
Bacteria	Cyanobacteriota	[75,80)	290	-15.77	-14.99
Bacteria	Cyanobacteriota	[80,85)	283	-12.86	-13.01
Bacteria	Cyanobacteriota	[85,90)	294	-10.45	-12.11
Bacteria	Cyanobacteriota	[90,95)	248	-9.30	-9.74
Bacteria	Cyanobacteriota	[95,100)	111	-8.41	-9.45
Bacteria	Deinococcota	[25,30)	22	20.07	19.62
Bacteria	Deinococcota	[35,40)	20	21.87	22.54
Bacteria	Deinococcota	[65,70)	21	-16.31	-13.22
Bacteria	Deinococcota	[70,75)	21	-12.95	-14.23
Bacteria	Deinococcota	[75,80)	24	-15.06	-14.96
Bacteria	Deinococcota	[80,85)	26	-12.45	-12.37
Bacteria	Deinococcota	[85,90)	24	-8.71	-9.59
Bacteria	Deinococcota	[90,95)	24	-5.68	-7.12
Bacteria	Dependentiae	[25,30)	24	23.50	23.50
Bacteria	Dependentiae	[30,35)	24	24.87	25.59
Bacteria	Dependentiae	[55,60)	23	-10.24	-2.14
Bacteria	Dependentiae	[60,65)	23	-13.25	-9.70
Bacteria	Dependentiae	[75,80)	36	-10.93	-11.99
Bacteria	Dependentiae	[85,90)	24	-9.04	-11.95
Bacteria	Desulfobacterota	[10,15)	64	23.63	23.52
Bacteria	Desulfobacterota	[15,20)	83	26.56	26.10
Bacteria	Desulfobacterota	[20,25)	77	23.01	22.15
Bacteria	Desulfobacterota	[25,30)	139	22.86	22.63
Bacteria	Desulfobacterota	[30,35)	123	19.48	21.53
Bacteria	Desulfobacterota	[35,40)	130	20.40	20.17
Bacteria	Desulfobacterota	[40,45)	110	16.21	15.42
Bacteria	Desulfobacterota	[45,50)	76	13.00	12.30
Bacteria	Desulfobacterota	[5,10)	33	18.19	18.92
Bacteria	Desulfobacterota	[50,55)	103	3.95	6.47
Bacteria	Desulfobacterota	[55,60)	106	-5.20	-2.65
Bacteria	Desulfobacterota	[60,65)	126	-7.77	-6.45
Bacteria	Desulfobacterota	[65,70)	153	-10.96	-11.06
Bacteria	Desulfobacterota	[70,75)	132	-14.05	-13.47
Bacteria	Desulfobacterota	[75,80)	200	-15.32	-14.61
Bacteria	Desulfobacterota	[80,85)	214	-15.44	-16.55
Bacteria	Desulfobacterota	[85,90)	193	-14.54	-15.15
Bacteria	Desulfobacterota	[90,95)	192	-11.32	-11.93
Bacteria	Desulfobacterota	[95,100)	82	-9.92	-12.24
Bacteria	Fusobacteriota	[25,30)	45	18.47	18.99
Bacteria	Fusobacteriota	[30,35)	25	13.69	11.30
Bacteria	Fusobacteriota	[35,40)	39	10.61	13.39
Bacteria	Fusobacteriota	[40,45)	21	15.65	10.10
Bacteria	Fusobacteriota	[50,55)	23	4.77	4.71
Bacteria	Fusobacteriota	[55,60)	30	-8.80	-7.21
Bacteria	Fusobacteriota	[60,65)	31	-12.46	-11.74
Bacteria	Fusobacteriota	[65,70)	34	-14.82	-12.47
Bacteria	Fusobacteriota	[70,75)	31	-13.65	-14.67
Bacteria	Fusobacteriota	[75,80)	47	-16.61	-15.18
Bacteria	Fusobacteriota	[80,85)	36	-11.96	-11.49
Bacteria	Fusobacteriota	[85,90)	41	-10.70	-11.22
Bacteria	Fusobacteriota	[90,95)	23	-8.25	-10.56
Bacteria	Myxococcota	[25,30)	23	20.84	18.55
Bacteria	Myxococcota	[30,35)	23	21.24	19.49
Bacteria	Myxococcota	[40,45)	21	17.53	17.27
Bacteria	Myxococcota	[65,70)	25	-14.06	-12.60
Bacteria	Myxococcota	[75,80)	24	-8.75	-10.98
Bacteria	Myxococcota	[80,85)	33	-12.31	-14.06
Bacteria	Myxococcota	[85,90)	41	-9.30	-10.52
Bacteria	Myxococcota	[90,95)	30	-5.48	-10.59
Bacteria	Nitrospirota	[75,80)	20	-16.94	-18.79
Bacteria	Nitrospirota	[80,85)	22	-16.27	-15.62
Bacteria	Nitrospirota	[90,95)	23	-13.42	-13.63
Bacteria	Other	[0,5)	87	14.11	21.77
Bacteria	Other	[10,15)	205	17.50	18.28
Bacteria	Other	[15,20)	317	20.78	20.51
Bacteria	Other	[20,25)	316	24.62	22.87
Bacteria	Other	[25,30)	539	22.08	21.67
Bacteria	Other	[30,35)	568	19.27	20.10
Bacteria	Other	[35,40)	550	19.03	18.95
Bacteria	Other	[40,45)	528	16.57	16.59
Bacteria	Other	[45,50)	283	14.64	14.02
Bacteria	Other	[5,10)	157	13.95	16.29
Bacteria	Other	[50,55)	421	7.77	7.34
Bacteria	Other	[55,60)	482	0.40	0.24
Bacteria	Other	[60,65)	551	-6.95	-5.35
Bacteria	Other	[65,70)	681	-12.70	-11.05
Bacteria	Other	[70,75)	497	-13.49	-12.90
Bacteria	Other	[75,80)	888	-14.51	-13.26
Bacteria	Other	[80,85)	966	-13.19	-13.11
Bacteria	Other	[85,90)	950	-9.86	-11.31
Bacteria	Other	[90,95)	858	-8.04	-9.96
Bacteria	Other	[95,100)	348	-8.40	-10.28
Bacteria	Other	[95,100]	53	-10.60	-11.89
Bacteria	Patescibacteria	[0,5)	24	40.82	42.64
Bacteria	Planctomycetota	[15,20)	26	20.71	20.74
Bacteria	Planctomycetota	[20,25)	29	25.68	24.14
Bacteria	Planctomycetota	[25,30)	55	21.49	20.67
Bacteria	Planctomycetota	[30,35)	71	19.71	21.88
Bacteria	Planctomycetota	[35,40)	57	16.92	19.25
Bacteria	Planctomycetota	[40,45)	57	18.25	20.03
Bacteria	Planctomycetota	[45,50)	31	13.50	14.33
Bacteria	Planctomycetota	[50,55)	59	3.79	6.65
Bacteria	Planctomycetota	[55,60)	49	-1.15	-0.08
Bacteria	Planctomycetota	[60,65)	54	-2.62	-1.48
Bacteria	Planctomycetota	[65,70)	90	-9.71	-7.66
Bacteria	Planctomycetota	[70,75)	68	-12.98	-11.77
Bacteria	Planctomycetota	[75,80)	103	-11.37	-10.82
Bacteria	Planctomycetota	[80,85)	107	-12.42	-11.97
Bacteria	Planctomycetota	[85,90)	124	-8.06	-8.80
Bacteria	Planctomycetota	[90,95)	105	-5.22	-8.21
Bacteria	Planctomycetota	[95,100)	35	-6.93	-8.73
Bacteria	Pseudomonadota	[0,5)	301	8.67	10.24
Bacteria	Pseudomonadota	[10,15)	805	21.26	20.56
Bacteria	Pseudomonadota	[15,20)	1305	23.64	22.63
Bacteria	Pseudomonadota	[20,25)	1155	23.79	22.54
Bacteria	Pseudomonadota	[25,30)	1888	21.95	22.20
Bacteria	Pseudomonadota	[30,35)	2176	19.60	20.63
Bacteria	Pseudomonadota	[35,40)	2093	18.69	18.74
Bacteria	Pseudomonadota	[40,45)	1881	15.59	15.78
Bacteria	Pseudomonadota	[45,50)	1169	12.44	11.88
Bacteria	Pseudomonadota	[5,10)	502	13.04	15.16
Bacteria	Pseudomonadota	[50,55)	1742	6.31	6.45
Bacteria	Pseudomonadota	[55,60)	1819	-2.32	-0.63
Bacteria	Pseudomonadota	[60,65)	2192	-7.66	-6.29
Bacteria	Pseudomonadota	[65,70)	2649	-11.21	-10.35
Bacteria	Pseudomonadota	[70,75)	2065	-13.42	-12.48
Bacteria	Pseudomonadota	[75,80)	3512	-14.97	-13.95
Bacteria	Pseudomonadota	[80,85)	3600	-13.94	-14.18
Bacteria	Pseudomonadota	[85,90)	3446	-11.65	-13.10
Bacteria	Pseudomonadota	[90,95)	2876	-11.23	-11.59
Bacteria	Pseudomonadota	[95,100)	1245	-9.29	-11.59
Bacteria	Pseudomonadota	[95,100]	189	-10.90	-12.37
Bacteria	Spirochaetota	[15,20)	33	22.46	22.68
Bacteria	Spirochaetota	[20,25)	31	22.85	22.93
Bacteria	Spirochaetota	[25,30)	46	24.23	23.76
Bacteria	Spirochaetota	[30,35)	44	24.56	23.78
Bacteria	Spirochaetota	[35,40)	33	20.59	20.30
Bacteria	Spirochaetota	[40,45)	29	18.46	18.82
Bacteria	Spirochaetota	[45,50)	24	14.15	10.12
Bacteria	Spirochaetota	[55,60)	30	0.84	2.00
Bacteria	Spirochaetota	[60,65)	39	-3.42	-4.49
Bacteria	Spirochaetota	[65,70)	40	-15.88	-14.24
Bacteria	Spirochaetota	[70,75)	32	-15.32	-15.28
Bacteria	Spirochaetota	[75,80)	54	-18.97	-17.46
Bacteria	Spirochaetota	[80,85)	87	-11.52	-12.00
Bacteria	Spirochaetota	[85,90)	59	-10.71	-14.04
Bacteria	Spirochaetota	[90,95)	60	-11.21	-12.45
Bacteria	Spirochaetota	[95,100)	25	-8.49	-9.78
Bacteria	Synergistota	[25,30)	20	21.37	22.26
Bacteria	Synergistota	[50,55)	20	3.66	5.98
Bacteria	Synergistota	[55,60)	21	1.09	-0.17
Bacteria	Synergistota	[60,65)	24	-6.90	-5.00
Bacteria	Synergistota	[65,70)	23	-17.33	-12.39
Bacteria	Synergistota	[75,80)	28	-17.71	-17.07
Bacteria	Synergistota	[80,85)	25	-12.48	-14.75
Bacteria	Synergistota	[85,90)	34	-7.84	-10.77
Bacteria	Synergistota	[90,95)	23	-11.57	-11.44
Bacteria	Thermotogota	[40,45)	24	18.63	17.93
Bacteria	Thermotogota	[60,65)	25	-12.90	-6.89
Bacteria	Thermotogota	[65,70)	31	-11.89	-12.21
Bacteria	Thermotogota	[75,80)	33	-16.85	-16.09
Bacteria	Thermotogota	[80,85)	45	-13.29	-13.93
Bacteria	Thermotogota	[85,90)	46	-13.77	-15.31
Bacteria	Thermotogota	[90,95)	43	-10.86	-10.82
Bacteria	Verrucomicrobiota	[15,20)	21	27.98	24.59
Bacteria	Verrucomicrobiota	[20,25)	22	24.49	24.87
Bacteria	Verrucomicrobiota	[25,30)	50	23.63	22.77
Bacteria	Verrucomicrobiota	[30,35)	43	15.80	16.79
Bacteria	Verrucomicrobiota	[35,40)	45	19.87	19.08
Bacteria	Verrucomicrobiota	[40,45)	44	15.96	15.13
Bacteria	Verrucomicrobiota	[45,50)	24	13.33	14.72
Bacteria	Verrucomicrobiota	[50,55)	23	6.47	7.09
Bacteria	Verrucomicrobiota	[55,60)	36	-2.16	-1.03
Bacteria	Verrucomicrobiota	[60,65)	51	-4.54	-4.22
Bacteria	Verrucomicrobiota	[65,70)	48	-11.09	-8.44
Bacteria	Verrucomicrobiota	[70,75)	39	-13.18	-11.68
Bacteria	Verrucomicrobiota	[75,80)	68	-11.30	-13.47
Bacteria	Verrucomicrobiota	[80,85)	97	-13.97	-13.63
Bacteria	Verrucomicrobiota	[85,90)	75	-11.08	-12.67
Bacteria	Verrucomicrobiota	[90,95)	77	-9.18	-10.26
Bacteria	Verrucomicrobiota	[95,100)	28	-9.83	-11.70
Bacteria	all_taxa	[0,5)	634	10.14	12.87
Bacteria	all_taxa	[10,15)	2203	21.19	20.98
Bacteria	all_taxa	[15,20)	3575	22.85	22.30
Bacteria	all_taxa	[20,25)	2990	23.64	22.64
Bacteria	all_taxa	[25,30)	5150	21.62	21.73
Bacteria	all_taxa	[30,35)	5447	19.53	20.52
Bacteria	all_taxa	[35,40)	5277	18.64	18.77
Bacteria	all_taxa	[40,45)	4684	16.07	16.18
Bacteria	all_taxa	[45,50)	2809	12.49	12.24
Bacteria	all_taxa	[5,10)	1370	15.82	16.99
Bacteria	all_taxa	[50,55)	4265	6.42	6.55
Bacteria	all_taxa	[55,60)	4510	-2.11	-1.02
Bacteria	all_taxa	[60,65)	5526	-8.09	-6.56
Bacteria	all_taxa	[65,70)	6809	-12.09	-11.07
Bacteria	all_taxa	[70,75)	5246	-13.72	-13.18
Bacteria	all_taxa	[75,80)	8661	-15.13	-14.22
Bacteria	all_taxa	[80,85)	9027	-13.94	-14.32
Bacteria	all_taxa	[85,90)	8720	-11.61	-13.11
Bacteria	all_taxa	[90,95)	7392	-11.19	-11.61
Bacteria	all_taxa	[95,100)	3056	-9.01	-11.30
Bacteria	all_taxa	[95,100]	448	-10.91	-12.62
all_domains	all_taxa	[0,5)	656	10.05	12.85
all_domains	all_taxa	[10,15)	2244	21.21	21.03
all_domains	all_taxa	[15,20)	3663	22.99	22.38
all_domains	all_taxa	[20,25)	3098	23.70	22.74
all_domains	all_taxa	[25,30)	5314	21.71	21.85
all_domains	all_taxa	[30,35)	5638	19.52	20.57
all_domains	all_taxa	[35,40)	5489	18.68	18.81
all_domains	all_taxa	[40,45)	4911	16.01	16.18
all_domains	all_taxa	[45,50)	2984	12.44	12.30
all_domains	all_taxa	[5,10)	1401	15.76	16.95
all_domains	all_taxa	[50,55)	4514	6.54	6.76
all_domains	all_taxa	[55,60)	4807	-1.33	-0.69
all_domains	all_taxa	[60,65)	5836	-7.22	-6.05
all_domains	all_taxa	[65,70)	7147	-11.31	-10.49
all_domains	all_taxa	[70,75)	5487	-13.43	-12.60
all_domains	all_taxa	[75,80)	9045	-14.66	-13.57
all_domains	all_taxa	[80,85)	9337	-13.59	-13.78
all_domains	all_taxa	[85,90)	8797	-11.48	-13.00
all_domains	all_taxa	[90,95)	7392	-11.19	-11.61
all_domains	all_taxa	[95,100)	3056	-9.01	-11.30
all_domains	all_taxa	[95,100]	448	-10.91	-12.62
all_domains	all_taxa	all_checku	101264	-2.73	0.39
